id,name,age
1,User_1,56.0
2,User_2,69.0
3,User_3,46.0
4,User_4,
5,User_5,60.0
6,User_6,25.0
7,User_7,38.0
8,User_8,56.0
9,User_9,36.0
10,User_10,40.0
11,User_11,28.0
12,User_12,28.0
13,User_13,
14,User_14,
15,User_15,57.0
16,User_16,
17,User_17,
18,User_18,39.0
19,User_19,19.0
20,User_20,41.0
21,User_21,61.0
22,User_22,47.0
23,User_23,55.0
24,User_24,19.0
25,User_25,38.0
26,User_26,50.0
27,User_27,29.0
28,User_28,39.0
29,User_29,61.0
30,User_30,42.0
31,User_31,66.0
32,User_32,44.0
33,User_33,59.0
34,User_34,45.0
35,User_35,33.0
36,User_36,32.0
37,User_37,64.0
38,User_38,68.0
39,User_39,61.0
40,User_40,69.0
41,User_41,20.0
42,User_42,54.0
43,User_43,68.0
44,User_44,24.0
45,User_45,
46,User_46,26.0
47,User_47,56.0
48,User_48,
49,User_49,21.0
50,User_50,42.0
51,User_51,31.0
52,User_52,67.0
53,User_53,
54,User_54,43.0
55,User_55,19.0
56,User_56,37.0
57,User_57,45.0
58,User_58,
59,User_59,24.0
60,User_60,61.0
61,User_61,25.0
62,User_62,64.0
63,User_63,52.0
64,User_64,31.0
65,User_65,34.0
66,User_66,53.0
67,User_67,67.0
68,User_68,57.0
69,User_69,21.0
70,User_70,19.0
71,User_71,23.0
72,User_72,
73,User_73,21.0
74,User_74,46.0
75,User_75,35.0
76,User_76,43.0
77,User_77,61.0
78,User_78,51.0
79,User_79,27.0
80,User_80,
81,User_81,31.0
82,User_82,
83,User_83,65.0
84,User_84,32.0
85,User_85,25.0
86,User_86,31.0
87,User_87,40.0
88,User_88,57.0
89,User_89,38.0
90,User_90,33.0
91,User_91,62.0
92,User_92,35.0
93,User_93,64.0
94,User_94,41.0
95,User_95,43.0
96,User_96,42.0
97,User_97,62.0
98,User_98,58.0
99,User_99,46.0
100,User_100,32.0
101,User_101,62.0
102,User_102,
103,User_103,42.0
104,User_104,24.0
105,User_105,26.0
106,User_106,41.0
107,User_107,18.0
108,User_108,61.0
109,User_109,25.0
110,User_110,41.0
111,User_111,
112,User_112,
113,User_113,
114,User_114,25.0
115,User_115,
116,User_116,52.0
117,User_117,50.0
118,User_118,22.0
119,User_119,59.0
120,User_120,
121,User_121,58.0
122,User_122,45.0
123,User_123,24.0
124,User_124,26.0
125,User_125,25.0
126,User_126,
127,User_127,51.0
128,User_128,50.0
129,User_129,65.0
130,User_130,40.0
131,User_131,41.0
132,User_132,54.0
133,User_133,52.0
134,User_134,61.0
135,User_135,57.0
136,User_136,39.0
137,User_137,44.0
138,User_138,52.0
139,User_139,18.0
140,User_140,52.0
141,User_141,
142,User_142,64.0
143,User_143,
144,User_144,20.0
145,User_145,18.0
146,User_146,22.0
147,User_147,43.0
148,User_148,31.0
149,User_149,56.0
150,User_150,44.0
151,User_151,26.0
152,User_152,32.0
153,User_153,32.0
154,User_154,43.0
155,User_155,59.0
156,User_156,30.0
157,User_157,68.0
158,User_158,49.0
159,User_159,56.0
160,User_160,66.0
161,User_161,69.0
162,User_162,49.0
163,User_163,21.0
164,User_164,47.0
165,User_165,54.0
166,User_166,40.0
167,User_167,56.0
168,User_168,62.0
169,User_169,32.0
170,User_170,60.0
171,User_171,46.0
172,User_172,53.0
173,User_173,
174,User_174,49.0
175,User_175,
176,User_176,68.0
177,User_177,39.0
178,User_178,45.0
179,User_179,19.0
180,User_180,59.0
181,User_181,62.0
182,User_182,23.0
183,User_183,45.0
184,User_184,45.0
185,User_185,61.0
186,User_186,61.0
187,User_187,37.0
188,User_188,47.0
189,User_189,28.0
190,User_190,45.0
191,User_191,42.0
192,User_192,56.0
193,User_193,50.0
194,User_194,18.0
195,User_195,
196,User_196,69.0
197,User_197,30.0
198,User_198,58.0
199,User_199,20.0
200,User_200,56.0
201,User_201,23.0
202,User_202,25.0
203,User_203,44.0
204,User_204,26.0
205,User_205,54.0
206,User_206,50.0
207,User_207,68.0
208,User_208,59.0
209,User_209,61.0
210,User_210,41.0
211,User_211,32.0
212,User_212,49.0
213,User_213,49.0
214,User_214,41.0
215,User_215,
216,User_216,69.0
217,User_217,
218,User_218,66.0
219,User_219,69.0
220,User_220,29.0
221,User_221,56.0
222,User_222,19.0
223,User_223,20.0
224,User_224,66.0
225,User_225,54.0
226,User_226,66.0
227,User_227,34.0
228,User_228,66.0
229,User_229,19.0
230,User_230,
231,User_231,45.0
232,User_232,40.0
233,User_233,54.0
234,User_234,49.0
235,User_235,50.0
236,User_236,18.0
237,User_237,36.0
238,User_238,19.0
239,User_239,61.0
240,User_240,43.0
241,User_241,49.0
242,User_242,23.0
243,User_243,49.0
244,User_244,21.0
245,User_245,28.0
246,User_246,34.0
247,User_247,55.0
248,User_248,41.0
249,User_249,22.0
250,User_250,69.0
251,User_251,51.0
252,User_252,23.0
253,User_253,39.0
254,User_254,28.0
255,User_255,65.0
256,User_256,33.0
257,User_257,50.0
258,User_258,26.0
259,User_259,
260,User_260,33.0
261,User_261,46.0
262,User_262,20.0
263,User_263,37.0
264,User_264,53.0
265,User_265,36.0
266,User_266,43.0
267,User_267,20.0
268,User_268,36.0
269,User_269,37.0
270,User_270,49.0
271,User_271,24.0
272,User_272,69.0
273,User_273,58.0
274,User_274,50.0
275,User_275,57.0
276,User_276,56.0
277,User_277,35.0
278,User_278,57.0
279,User_279,18.0
280,User_280,
281,User_281,45.0
282,User_282,42.0
283,User_283,67.0
284,User_284,40.0
285,User_285,48.0
286,User_286,47.0
287,User_287,59.0
288,User_288,
289,User_289,24.0
290,User_290,33.0
291,User_291,43.0
292,User_292,65.0
293,User_293,69.0
294,User_294,66.0
295,User_295,19.0
296,User_296,18.0
297,User_297,65.0
298,User_298,29.0
299,User_299,22.0
300,User_300,54.0
204,User_204,26.0
267,User_267,20.0
153,User_153,32.0
10,User_10,40.0
234,User_234,49.0
227,User_227,34.0
197,User_197,30.0
110,User_110,41.0
6,User_6,25.0
176,User_176,68.0
